-- 插入画廊
insert into GALLERY(GID,GNAME,GLOCATION)
values('ZSKM001','中山凯美艺术','中山市'),
('SXR001','沈学仁画廊','山东潍坊'),
('HS001','红山文化','辽宁大连');
go

-- 插入展览
insert into EXHIBITION(EID,ESTARTDATE,EENDDATE,GID,ENAME)
values('Z001','2022-12-1','2022-12-10','ZSKM001','中山冬日展览会'),
('Z002','2022-12-11','2022-12-20','ZSKM001','中山迎新年展览会'),
('H001','2022-12-21','2022-12-31','HS001','红山跨年展览会'),
('H002','2023-1-1','2023-1-10','HS001','红山新年展览会'),
('S001','2023-1-11','2023-1-20','SXR001','沈学仁迎新春展览会'),
('S002','2023-1-21','2023-1-30','SXR001','沈学仁新春展览会');
go

-- 插入画家

insert into ARTIST(ARTISTID,ARTISTNAME,ARTISTBP,ARTISTSTYLE,GID)
values('AD152','Atanur Dogan','加拿大','水彩画','ZSKM001'),
('QBS132','齐白石','安徽宿州','水墨画','ZSKM001'),
('XRZ001','徐人众','山东莱阳','水墨画','ZSKM001'),
('XW135','肖伟','广东中山','水彩画','ZSKM001'),
('SMW178','孙慕文','江西九江','水彩画','ZSKM001'),
('MZX965','米振雄','北京','雕塑','ZSKM001'),
('XSC165','徐世昌','河南辉市','书法','ZSKM001'),
('XGS123','胡公寿','上海松江','国画','ZSKM001');

insert into ARTIST(ARTISTID,ARTISTNAME,ARTISTBP,ARTISTSTYLE,GID)
values('ZZ009','张正','山东济南','水墨画','HS001'),
('YZX987','袁朝霞','新疆','书法','HS001'),
('RMXR057','让.米歇尔','波尔多','油画','HS001'),
('KYP001','寇月鹏','北京','国画','HS001'),
('SQ149','石齐','福建','国画','HS001'),
('DYS654','董也山','浙江杭州','国画','HS001'),
('HSL876','韩书力','北京','国画','HS001'),
('LY165','林庸','广州潮州','水墨画','HS001'),
('WMM006','王明明','山东','重彩','HS001'),
('YMJ956','姚鸣京','江苏无锡','水墨','HS001');

insert into ARTIST(ARTISTID,ARTISTNAME,ARTISTBP,ARTISTSTYLE,GID)
values('ZH954','朱红','江苏','国画','SXR001'),
('LY753','李燕','北京','水墨画','SXR001'),
('XBH001','徐悲鸿','江苏','水墨画','SXR001'),
('ZQD654','乍启典','山东','水墨画','SXR001'),
('FR9562','溥儒 ','北京','水墨画','SXR001'),
('MMC152','马满昌','河北保定','水墨画','SXR001'),
('WW693','王伟','山东','水墨画','SXR001');
go

-- 插入作品
insert into ARTWORK(ARTID,ARTTITLE,ARTTYPE,ARTYEAR,ARTPRICE,ARTISTID,GID,EID,ARTSTATUS)
values('ZZYWL01','猪仔一窝乐','国画','2018',6000,'XW135','ZSKM001','Z002','正常'),
('LSRQH05','庐山如琴湖','水彩画','2013',2000,'SMW178','ZSKM001','Z002','正常'),
('ZWY668','植物园','水彩画','2008',2000,'SMW178','ZSKM001','Z002','正常'),
('WMNY1646','万木浓荫','水彩画','2018',1800,'SMW178','ZSKM001','Z002','正常'),
('YZHT01','谊尊 荷塘','雕塑','不详',9999,'MZX965','ZSKM001',NULL,'正常'),
('FGYN001','风光旖旎','水墨画','不详','4000','XRZ001','ZSKM001','Z001','展览中'),
('DST016','多寿桃','国画','不详',999999999,'QBS132','ZSKM001','Z001','展览中'),
('SWT001','Street-with-Tower','水彩画','2020',5000,'AD152','ZSKM001','Z001','展览中'),
('XSCSF01','徐世昌书法','书法','不详',10000,'XSC165','ZSKM001',NULL,'正常'),
('MST152','梅石图','国画','1873','9999','XGS123','ZSKM001','Z002','正常');

insert into ARTWORK(ARTID,ARTTITLE,ARTTYPE,ARTYEAR,ARTPRICE,ARTISTID,GID,EID,ARTSTATUS)
values('JMT46','居民图','国画','不详',60000,'ZH954','SXR001','S001','正常'),
('YYCQ08','友谊常青','国画','1985',680000,'LY753','SXR001','S001','正常'),
('BMT001','奔马图','水墨画','不详',9600000,'XBH001','SXR001','S001','正常'),
('LQ6523','临憩','水墨画','2000',160000,'ZQD654','SXR001',NULL,'正常'),
('XQFY659','携琴访友','山水画','不详',800000,'FR9562','SXR001','S001','正常'),
('XF7489','雄风','水墨画','不详',80000,'MMC152','SXR001','S002','正常'),
('DJT001','大吉图','水墨画','不详',40000,'MMC152','SXR001','S002','正常'),
('FGJX66','富贵吉祥','水墨画','不详',80000,'MMC152','SXR001','S002','正常'),
('BSLR01','白石老人','水墨画','2007',80000,'WW693','SXR001',NULL,'正常'),
('RW036','人物','水墨画','2002',80000,'WW693','SXR001',NULL,'正常');

insert into ARTWORK(ARTID,ARTTITLE,ARTTYPE,ARTYEAR,ARTPRICE,ARTISTID,GID,EID,ARTSTATUS)
values('SS185','山水','国画','不详',9000,'ZZ009','HS001','H001','正常'),
('SF646','书法','书法','不详',8000,'YZX987','HS001','H001','正常'),
('TL864','湍流','油画','2012',7000,'RMXR057','HS001','H001','正常'),
('HY613','回忆','油画','2012',20000,'RMXR057','HS001',NULL,'正常'),
('SK894','上课','国画','不详',52000,'KYP001','HS001','H001','正常'),
('HPS12','和平颂','国画','2006',6000,'SQ149','HS001','H002','正常'),
('SX951','水乡','国画','不详',8000,'DYS654','HS001','H002','正常'),
('DMGY01','大漠孤烟','国画','不详',10000,'HSL876','HS001','H002','正常'),
('YZEL165','月照萼林','国画','不详',21000,'WMM006','HS001','H002','正常'),
('JYZWT232','江云坐忘图','国画','不详',30000,'YMJ956','HS001','H002','正常');

-- 插入一些顾客
insert into CUSTOMER(CID,CNAME,CADDRESS,CPHONE,CDOB)
values('AL001','艾伦','香港','15649479648','2000-6-13'),
('SL269','三笠','浙江温州','16325976430','1987-4-13'),
('ALM12','阿尔敏','江苏南京','13759600246','1993-3-12'),
('QL266','潜龙','江苏镇江','13026487621','2001-8-14'),
('MX666','梅西','新疆吐鲁番','14639785491','1988-9-11'),
('KNS77','克里斯','新疆乌鲁木齐','13948762487','1977-11-11'),
('KL579','克里','内蒙古','13864972646','1999-9-9'),
('ABD73','阿贝多','英国','13813649200','1998-6-21'),
('DDLY136','大大利亚','俄罗斯;','13796345200','1975-7-7'),
('ZL439','钟离','湖北武汉','16497316794','1996-6-6'),
('ZH159','泽昊','北京','13645279006','1986-5-2'),
('GY694','甘雨','上海','14976803060','2002-5-11'),
('KQ469','客勤','广东广州','19647260032','2003-6-30'),
('LT250','李铁','深圳','13497600610','1981-3-11'),
('MN759','莫纳','山西桂林','11976731694','1969-1-31'),
('XQ694','行秋','江西南昌','13794682011','2000-12-12'),
('XL687','香菱','澳门','18764935200','2003-11-11'),
('XKS65','香克斯','江苏徐州','13649749000','2000-9-21'),
('LBW66','卢本伟','河南郑州','13794850643','1991-6-1'),
('MBP49','姆巴佩','法国','13916480201','1998-6-30'),
('LSE86','卢塞尔','台湾','13796482070','1990-3-20'),
('LWX30','林微香','河北保定','13970136490','1982-4-15'),
('QT003','齐天','北京','12497361940','1965-7-12'),
('XXE01','肖雪儿','天津','13549672001','1977-6-11'),
('DLK21','迪卢克','江苏苏州','13467952801','1995-5-22')
